feature,shap_importance
사고유형,0.09265843391636747
도로형태,0.03779587545237833
holiday,0.03508900735194438
Cosine_Time,0.0194164083165559
사고발생횟수,0.01200054643254222
주차장개수,0.008634968648514442
시군구,0.002750985297975978
설치개수,0.0016475213594979033
불법주정차,0.0010944535170611227
구,0.001074400963325063
어린이보호구역개수,0.0005313927951240661
요일,0.000353116031968222
평지도로,0.0
기상상태,0.0
군_남구,0.0
군_달서구,0.0
군_달성군,0.0
군_동구,0.0
군_북구,0.0
군_서구,0.0
군_수성구,0.0
군_중구,0.0
차량전용,0.0
weekday,0.0
보호구역,0.0
노면상태,0.0
season,0.0
