feature,shap_importance
사고유형,0.11371695217952547
Cosine_Time,0.03405172573107544
holiday,0.03309722104446057
도로형태,0.01754974188499835
주차장개수,0.010409624837351365
weekday,0.0078811501550217
기상상태,0.003512166172505747
보호구역,0.002723365983111095
군_달성군,0.0021420697789731108
차량전용,0.0007144379197272115
군_중구,0.0
사고발생횟수,0.0
군_수성구,0.0
군_동구,0.0
군_서구,0.0
군_북구,0.0
요일,0.0
구,0.0
군_달서구,0.0
군_남구,0.0
어린이보호구역개수,0.0
설치개수,0.0
평지도로,0.0
불법주정차,0.0
노면상태,0.0
시군구,0.0
season,0.0
