feature,mean_importance
요일,0.0
사고발생횟수,0.0
군_중구,0.0
군_수성구,0.0
군_서구,0.0
군_북구,0.0
군_동구,0.0
군_달서구,0.0
군_남구,0.0
어린이보호구역개수,0.0
구,0.0
평지도로,0.0
불법주정차,0.0
노면상태,0.0
시군구,0.0
설치개수,0.0
season,0.0
군_달성군,8.826632298668536e-05
보호구역,0.00030226302407698746
weekday,0.00041217551507886083
기상상태,0.00108109858325236
차량전용,0.001255376662007457
주차장개수,0.001548929404649968
holiday,0.00410441863904285
도로형태,0.004567979446720094
Cosine_Time,0.006336004532482864
사고유형,0.04281905614104109
