feature,mean_importance
사고유형_차대사람,0.0015220938053099875
시군구,0.00241629478881491
도로형태_교차로 - 교차로횡단보도내,0.0037038700147572047
사고발생횟수,0.0060205876206920195
Cosine_Time,0.007017741612147255
사고유형_차대차,0.04838820852805299
