feature,mean_importance
사고유형_차대사람,0.0006679897635694543
Cosine_Time,0.003040028804479422
도로형태_교차로 - 교차로횡단보도내,0.003364869902363998
시군구,0.004952057181709812
사고발생횟수,0.007264212715470464
사고유형_차대차,0.053487007137977514
