feature,mean_importance
도로형태_교차로 - 교차로횡단보도내,0.0016265620698703298
시군구,0.001751995762413827
사고유형_차대사람,0.0022370497053742612
사고발생횟수,0.008082746172649036
Cosine_Time,0.009216914323731396
사고유형_차대차,0.05913437139135187
