feature,mean_importance
군_달성군_diff_holiday,-0.0006384653134822837
weekday_diff_holiday,-0.00016145591676082206
요일,-0.00013105775561399468
weekday_sum_군_수성구,-2.861890375016607e-05
weekday_ratio_holiday,0.0
season,2.7585349403569382e-05
기상상태,0.0001316581180222709
weekday_sum_군_동구,0.00013467418922363805
holiday_multiply_weekday,0.00021651550212018478
노면상태,0.0002498667784358588
holiday_ratio_weekday,0.000802747978300955
불법주정차_diff_weekday,0.0008169977875704503
군_남구_diff_weekday,0.0018683748461564066
군_중구_diff_holiday,0.001902276738567199
시군구,0.002270061122553546
Cosine_Time,0.004354411707461825
사고발생횟수,0.00451392315005048
도로형태,0.007425345788813864
사고유형,0.036012384938644317
