feature,shap_importance
사고유형,0.09499523563735922
holiday,0.032406775973865494
도로형태,0.02963086674001941
Cosine_Time,0.009023567432584955
사고발생횟수,0.0039780608468084405
설치개수,0.0018364684447091852
구,0.0018249715397023285
시군구,0.0004943156186284928
주차장개수,0.00039094202724273414
군_달성군,0.0
weekday,0.0
군_중구,0.0
군_수성구,0.0
군_서구,0.0
군_북구,0.0
군_동구,0.0
요일,0.0
군_달서구,0.0
군_남구,0.0
기상상태,0.0
어린이보호구역개수,0.0
평지도로,0.0
차량전용,0.0
불법주정차,0.0
보호구역,0.0
노면상태,0.0
season,0.0
