feature,shap_importance
사고유형,0.09394147602778748
holiday,0.026561157168211988
도로형태,0.025411940548071294
weekday,0.006599407247764865
사고발생횟수,0.00498838701773446
Cosine_Time,0.003280474433095044
주차장개수,0.003122889942306586
기상상태,0.0015803849477753517
구,0.0010502833009777498
설치개수,0.0006351160336863968
차량전용,0.0006135529533839935
군_동구,0.0
군_중구,0.0
군_수성구,0.0
군_서구,0.0
군_북구,0.0
요일,0.0
군_달성군,0.0
군_달서구,0.0
군_남구,0.0
어린이보호구역개수,0.0
평지도로,0.0
불법주정차,0.0
보호구역,0.0
노면상태,0.0
시군구,0.0
season,0.0
