feature,mean_importance
구,-5.754347935948978e-05
설치개수,-3.339187200472882e-05
군_중구,0.0
군_수성구,0.0
군_서구,0.0
군_북구,0.0
군_동구,0.0
군_달성군,0.0
군_달서구,0.0
군_남구,0.0
어린이보호구역개수,0.0
요일,0.0
평지도로,0.0
불법주정차,0.0
보호구역,0.0
노면상태,0.0
시군구,0.0
season,0.0
기상상태,2.9861643077944144e-05
차량전용,0.00018492631837965234
Cosine_Time,0.0003440700465577429
주차장개수,0.00039231964662207465
weekday,0.0005401779460655565
사고발생횟수,0.0005593086770911526
도로형태,0.0033440714337063413
holiday,0.003900872074562267
사고유형,0.032550619731431765
