feature,mean_importance
season,0.00014394909710693237
기상상태,0.00015437205957167244
노면상태,0.0004827723405107509
사고발생횟수,0.002229822458410036
시군구,0.0026519944159037355
Cosine_Time,0.005508363106987391
요일,0.00614131398010882
도로형태,0.008351765920532151
사고유형,0.03852286699834022
