feature,mean_importance
season,-0.0006848923442115851
기상상태,0.00046953095043624773
노면상태,0.0006291493783291635
사고발생횟수,0.001027563128482223
시군구,0.0012576077080587611
도로형태,0.005172081382860716
요일,0.0052103453854793315
Cosine_Time,0.00572429467928306
사고유형,0.02760024373921279
