feature,mean_importance
season,-0.00041404456970848267
노면상태,-0.0002837771086201535
기상상태,-0.00022198032248106349
사고발생횟수,0.001028534194060815
시군구,0.0035809741575829833
요일,0.005757390618379499
도로형태,0.007538088381149266
Cosine_Time,0.008065057113437146
사고유형,0.03797250271281068
