feature,mean_importance
season,-0.00010593365134698995
기상상태,0.0002405199472020003
노면상태,0.000729571508576865
사고발생횟수,0.0015437667519916155
시군구,0.003012006321734861
요일,0.0061283941319964395
도로형태,0.007185197763567542
Cosine_Time,0.007347527084969996
사고유형,0.0453531544367348
