feature,mean_importance
노면상태,-0.000607310690117413
기상상태,0.00035203776389767236
시군구,0.0009884484850372743
season,0.0010946805247168845
요일,0.004645353357458748
사고발생횟수,0.006343599489163121
도로형태,0.00697681380126336
Cosine_Time,0.011277264710959578
사고유형,0.03957062829860385
