feature,mean_importance
기상상태,0.00013436280625676034
노면상태,0.00035696731945558116
season,0.0006656789041773692
시군구,0.003044834806917418
사고발생횟수,0.0032588849129192798
요일,0.003903644736889733
Cosine_Time,0.004184594071320902
도로형태,0.0044883097054520425
사고유형,0.03932810460704288
