feature,mean_importance
season,-0.0001926801401064271
기상상태,0.0003664617631362166
노면상태,0.0004288770679734766
요일,0.001437459051322798
사고발생횟수,0.004768483322677697
Cosine_Time,0.004887950415816689
도로형태,0.004987069380511322
시군구,0.00504477278742248
사고유형,0.03554861889087062
