feature,mean_importance
노면상태,-0.00010969268397396093
기상상태,8.108545372409458e-06
season,0.0005076204160563647
사고발생횟수,0.0038705407633597088
요일,0.0042679564848085326
시군구,0.004547012088545288
Cosine_Time,0.005424091376859707
도로형태,0.006070576598419253
사고유형,0.03599247761279663
